library_member,sequence,allele,mhc_ii_allele,effectId,variantId,gene_name,peptide,ashion_id
TM2_00062,TSMAYDCYVAICFPL,HLA-C*03:04,NA,ENST00000355281_p.R121C,chr1 g.248185610C>T,OR2L5,mutPept7,C038_0022
TM2_00717,KQGHVRFLSERLMQM,HLA-C*07:01,NA,ENST00000371959_p.S173F|ENST00000524145_p.S173F,chrX g.112065837G>A,AMOT,mutPept7,C038_0022
TM2_00104,YNMLCFRIYRLRDAH,HLA-A*31:01,NA,ENST00000286627_p.G1078R|ENST00000286628_p.G1136R|ENST00000354353_p.G1139R|ENST00000372440_p.G1078R|ENST00000372443_p.G1105R|ENST00000404771_p.G1136R|ENST00000404857_p.G1119R|ENST00000406533_p.G1140R,chr10 g.78649264C>T,KCNMA1,mutPept7,C038_0022
TM2_00230,VALPGEEDGGQHLDS,HLA-B*40:01,NA,ENST00000290438_p.G501E,chr15 g.74364650C>T,GOLGA6A,mutPept7,C038_0022
TM2_00643,GDGTQMMTEDSVVYY,HLA-A*01:01,NA,ENST00000339375_p.V188M|ENST00000345589_p.V86M|ENST00000416379_p.V188M|ENST00000450876_p.V104M|ENST00000546258_p.V169M,chr7 g.98453796C>T,TMEM130,mutPept7,C038_0022
TM2_09715,QSRMRPVSLKEIERM,HLA-B*08:01,NA,ENST00000251203_p.P171L,chr19 g.19681038G>A,PBX4,mutPept9,C038_0022
TM2_09629,MATLTVLALPSFVEW,HLA-C*03:04,NA,ENST00000389286_p.P326L,chr15 g.55971640G>A,PRTG,mutPept9,C038_0022
TM2_05181,YTDLQALYMLPQTVD,HLA-A*01:01,NA,ENST00000351008_p.H366Y,chr3 g.172643268G>A,SPATA16,mutPept8,C038_0022
TM2_00126,QEIQLDIALASFDDQ,HLA-B*40:01,3:01,ENST00000250693_p.M41I,chr11 g.3680872G>A,ART1,mutPept7,C038_0022
TM2_00720,SRSRDKFHRHKRARR,HLA-A*31:01,NA,ENST00000305536_p.S299F,chrX g.129546749C>T,RBMX2,mutPept7,C038_0022
TM2_00003,LLCSRFSDGRYRCSM,HLA-C*07:01,NA,ENST00000271331_p.P90S,chr1 g.110998923C>T,PROK1,mutPept7,C038_0022
TM2_05279,SLKNIFTRLLFRGLL,HLA-B*08:01,NA,ENST00000296595_p.P452R|ENST00000511218_p.P243R|ENST00000512429_p.P441R,chr5 g.87492137G>C,TMEM161B,mutPept8,C038_0022
TM2_00318,KAFNWSLTLTYYKSI,HLA-C*03:04,NA,ENST00000397121_p.S182L,chr19 g.22363974G>A,ZNF676,mutPept7,C038_0022
TM2_00066,PKKPTCSAEKNLLYE,HLA-A*01:01,NA,ENST00000373374_p.P199S|ENST00000488417_p.P389S,chr1 g.34666528C>T,C1orf94,mutPept7,C038_0022
TM2_00724,THYKEISAPSALTPK,HLA-B*40:01,NA,ENST00000263519_p.P499S|ENST00000349466_p.P499S|ENST00000359149_p.P499S|ENST00000370181_p.P485S|ENST00000370186_p.P485S|ENST00000393842_p.P485S,chrX g.152815111C>T,ATP2B3,mutPept7,C038_0022
TM2_00124,RKTDSFFHRRLYDDR,HLA-A*31:01,NA,ENST00000436318_p.S297F|ENST00000455601_p.S270F|ENST00000529533_p.S297F,chr11 g.26584698G>A,MUC15,mutPept7,C038_0022
TM2_00080,TTREDHIKLKVQGVE,HLA-C*07:01,NA,ENST00000303635_p.M138I|ENST00000439411_p.M138I,chr1 g.7309662G>A,CAMTA1,mutPept7,C038_0022
TM2_00371,EMRKRRLSSFHVSMD,HLA-B*08:01,NA,ENST00000303395_p.S694L|ENST00000423058_p.S694L,chr2 g.166898897G>A,SCN1A,mutPept7,C038_0022
TM2_00404,ISVEVDLDPRAAYFR,NA,3:01,ENST00000264705_p.S2197L|ENST00000403525_p.S2134L,chr2 g.27466298C>T,CAD,mutPept7,C038_0022
TM2_09459,LLCQCDKKQRRKQQY,NA,3:01,ENST00000255380_p.K567Q,chr1 g.240072450A>C,CHRM3,mutPept9,C038_0022
TM2_04891,DDVYRAPSIDRSILP,NA,3:01,ENST00000262056_p.P67S|ENST00000416762_p.P67S|ENST00000420463_p.P67S,chr12 g.53412629C>T,EIF4B,mutPept8,C038_0022
TM2_00180,AYMGRMNLHGKVGTL,NA,3:01,ENST00000330553_p.D264N,chr12 g.53223872C>T,KRT79,mutPept7,C038_0022
TM2_00373,HNNRIIYRDVKGNNI,NA,3:01,ENST00000334231_p.H163Y|ENST00000408978_p.H154Y|ENST00000409044_p.H154Y,chr2 g.171071272C>T,MYO3B,mutPept7,C038_0022
TM2_05221,NSIPAHCIIIIKVVD,NA,3:01,ENST00000344876_p.K339I|ENST00000412923_p.K339I|ENST00000507846_p.K119I,chr4 g.138452227T>A,PCDH18,mutPept8,C038_0022
TM2_00091,IHRDVKLDNILLDER,NA,3:01,ENST00000298630_p.P219L|ENST00000368622_p.P102L|ENST00000368625_p.P232L,chr10 g.134039277G>A,STK32C,mutPept7,C038_0022
